id,name,city,department,cost
1,Sherlock Bondesen,Toktogul,Research and Development,$986.75
2,Anabal Cripwell,Dicamay,Accounting,$22.50
3,Brinna Fronzek,Anta,Services,$502.98
4,Lars Boothe,Watulabara,Legal,$582.82
5,Danella Lawee,Niños Heroes,Research and Development,$980.15
6,Stanwood Blazey,Zhendeqiao,Accounting,$589.85
7,Melicent Wyldbore,Guanzhuang,Product Management,$736.95
8,Winona Nizet,Kristianstad,Support,$780.71
9,Debby Grason,St. Thomas,Support,$168.81
10,Geno Brownhall,Sobradinho,Accounting,$723.67
11,Reena Vanyutin,Ōdachō-ōda,Human Resources,$686.96
12,Kerwin Waszczyk,Hajeom,Business Development,$583.52
13,Ramon Aizikowitz,Montaneza,Engineering,$141.65
14,Merola Kevern,Simbal,Support,$564.11
15,Stephine Mifflin,Tanggung,Engineering,$649.08
16,Riley Ranstead,Puor,Legal,$664.04
17,Noami Brunroth,Nakhon Pathom,Marketing,$818.35
18,Ardelia Forty,Kanoya,Marketing,$791.37
19,Courtney Mapletoft,Maunuri,Sales,$509.38
20,Marcy Triplett,Nueva Loja,Sales,$115.47
21,Bren Szymonwicz,Alīgūdarz,Research and Development,$993.81
22,Lynn Millward,Reims,Accounting,$462.36
23,Glenda Inchley,Abovyan,Research and Development,$816.81
24,Chad Uebel,Barrosa,Accounting,$476.37
25,Ken Bembridge,Benoy,Legal,$70.98
26,Jackquelin Bjorkan,Caohe,Engineering,$176.43
27,Zed Loader,Novopavlovsk,Human Resources,$827.94
28,Judye Skellon,Venustiano Carranza,Support,$460.72
29,Katti Tweddell,Qiancang,Engineering,$968.28
30,Jammie Moscone,Tikhvin,Research and Development,$174.06
31,Bentley de Mullett,Guangyuan,Human Resources,$789.62
32,Myles Breckell,Tála,Research and Development,$853.40
33,Timothee Sweett,Brodarica,Product Management,$921.14
34,Amata Picken,Bayuin,Engineering,$982.34
35,Stan Greenhaugh,Randfontein,Services,$882.56
36,Wally Clitherow,Salt Lake City,Marketing,$833.14
37,Nariko Iglesia,Zhangpu,Accounting,$183.95
38,Marita Borrow,Sukadana,Business Development,$955.57
39,Lemmy Shalloe,Nilanapo,Services,$916.49
40,Bennett Haliday,Zorak,Research and Development,$972.55
41,Gayle Trees,Tuburan,Product Management,$915.31
42,Windham Baddiley,Cayungnan,Support,$694.20
43,Evin Skipperbottom,Batasan,Product Management,$188.96
44,Gabe Perillo,Zlatograd,Human Resources,$998.98
45,Inez Eddow,Bonoua,Support,$787.65
46,Derry Franzel,Shagonar,Human Resources,$511.18
47,Trina MacScherie,Неготино,Support,$308.09
48,Danica Croucher,Marondera,Product Management,$508.06
49,Carlie Jesty,Burgos,Marketing,$152.24
50,Darcee Douche,Wuluquele,Sales,$264.58
51,Locke Kearey,Matmata,Research and Development,$902.49
52,Tiphanie Crummy,Daze,Support,$970.15
53,Husain Reder,Stockholm,Marketing,$196.55
54,Kienan Gierck,Kabar Utara,Accounting,$738.68
55,Robina Cousen,Gentilly,Legal,$924.75
56,Ynes Ettles,Mogi das Cruzes,Product Management,$86.09
57,Grace Galle,Mercedes,Legal,$286.45
58,Jobie Scholer,Vanadjou,Engineering,$830.83
59,Fredericka Goatcher,Ponce,Training,$978.09
60,Leilah Boldock,Xianglong,Legal,$859.57
61,Patty Bruty,Semiluki,Marketing,$169.21
62,Heather Upjohn,Quşrah,Legal,$454.83
63,Sonnie Hapgood,Philadelphia,Accounting,$239.14
64,Cammie Tunnicliff,Olkusz,Training,$780.67
65,Garrott Cluckie,Omu Aran,Accounting,$686.68
66,Uta Bugbee,Nikulino,Product Management,$155.68
67,Woodie Kuzma,Ajax,Support,$211.50
68,Kippie Plevey,Hashtpar,Legal,$162.88
69,Jehanna Van Der Straaten,Panaytayon,Research and Development,$388.69
70,Charis Herity,Getengan,Training,$142.06
71,Melvyn Wyre,Thị Trấn Phú Mỹ,Sales,$262.35
72,Wright Hugenin,Hannō,Support,$359.05
73,Ezequiel Summerley,Kiuteta,Research and Development,$89.73
74,Margarethe Sauniere,El Calvario,Support,$131.18
75,Joey Kenwood,Aoji-ri,Accounting,$591.67
76,Neron Newns,Simapu,Services,$395.33
77,Jamima Pickworth,Sulmierzyce,Business Development,$37.20
78,Nichol Hoyer,Novobeysugskaya,Research and Development,$9.48
79,Xymenes Philpott,Nuku‘alofa,Product Management,$67.14
80,Marga Carvell,Paranho,Services,$343.69
81,Ogdon Tamblingson,Shuangyuan,Training,$482.15
82,Dayna Byard,New Orleans,Support,$178.36
83,Teressa Leslie,Muhos,Legal,$881.30
84,Mendy Sings,Carcassonne,Business Development,$831.14
85,Davita Clace,Laguna,Sales,$40.27
86,Fionnula Niave,Cala,Human Resources,$727.03
87,Manya Patel,Mokolo,Engineering,$470.29
88,Brianne Lound,Lidköping,Engineering,$288.95
89,Leontyne Whyborn,Sines,Sales,$838.75
90,Carina Matthis,Luar,Support,$19.75
91,Rad Yonnie,Quebradas,Training,$922.35
92,Kayne Storres,Ulundi,Marketing,$993.14
93,Enrique Seaton,Shinshiro,Engineering,$809.11
94,Larisa Abelson,Fengqiao,Marketing,$451.54
95,Ciro Chessell,Peraía,Legal,$869.97
96,Jelene Narbett,Tsimlyansk,Human Resources,$483.14
97,Alessandra Arter,Greenhills,Business Development,$419.35
98,Sapphira Measor,Bengubelan,Research and Development,$432.74
99,Bernarr Osgardby,Göteborg,Business Development,$887.47
100,Justus Cicullo,Goyang-si,Services,$764.06
101,Emelina Warne,Gayam,Human Resources,$96.94
102,Olenolin Say,Lamalewo,Accounting,$394.03
103,Vita Hammerich,Duishan,Research and Development,$497.10
104,Gaultiero Osorio,Kerek,Accounting,$660.44
105,Whit Pomfret,Il’ya,Engineering,$348.78
106,Michal Korlat,Koshigaya,Human Resources,$294.53
107,Ike Martill,Al Bāţinah,Product Management,$216.91
108,George Vivash,Xinning,Research and Development,$668.33
109,Amara Belin,Trzin,Training,$977.05
110,Cortney Kubalek,Alberton,Accounting,$549.90
111,Vale Huddlestone,Alexandria,Support,$268.72
112,Ag Ireland,Brinje,Engineering,$611.93
113,Kathy Dobrovsky,Sidomulyo,Human Resources,$875.84
114,Tarra Chennells,Huangnan,Product Management,$584.93
115,Kennan Ison,Yangshan,Research and Development,$230.67
116,Erroll Sherston,Nagareyama,Support,$237.85
117,Rosie Guillem,Bęczarka,Support,$776.12
118,Rozelle Lorraway,Kiernozia,Accounting,$580.89
119,Arleta Lumbly,Novoul’yanovsk,Research and Development,$646.31
120,Roxine Hazelgreave,Stari Banovci,Services,$771.58
121,Penn Ragat,Ashton,Services,$947.91
122,Valma Ankrett,Vlachovo Březí,Services,$470.16
123,Wren Peterson,Inya,Sales,$347.72
124,Elizabet Adlard,Vännäs,Accounting,$851.74
125,Harper Dignon,Mercedes,Marketing,$847.74
126,Matthaeus Suff,Pousada,Marketing,$762.72
127,Binnie Blonden,Florianópolis,Support,$57.52
128,Eryn Spencer,Saint Louis,Sales,$280.00
129,Ellynn Bidwell,Saint-André-Avellin,Services,$194.55
130,Kenneth Higbin,Jose Maria Morelos,Legal,$572.69
131,Ursula Knowles,Hirosaki,Human Resources,$342.52
132,Carline Leach,Meixi,Human Resources,$485.66
133,Averill Bruhnke,Wanshan,Product Management,$448.57
134,Adler Haseman,Debrecen,Support,$917.01
135,Vita McKeown,Palmas Bellas,Marketing,$15.05
136,Noelle Balasini,Changgai,Services,$943.04
137,Krystyna Strangman,Strumica,Services,$908.46
138,Garek Blooman,Saraqinishtë,Business Development,$35.39
139,Norman Archbold,Rassvet,Support,$545.60
140,Saleem Orrell,Gómez,Business Development,$293.38
141,Shaine Jordine,Sierra Imataca,Legal,$49.20
142,Gifford Artrick,Lishu,Engineering,$544.94
143,Blinny Renwick,Balitai,Sales,$639.59
144,Nady Thain,Alua,Product Management,$774.91
145,Querida Trenoweth,Houston,Engineering,$279.29
146,Lemar Koppens,Carrasqueira,Human Resources,$693.26
147,Vanya Selwyn,Sukamaju,Human Resources,$57.08
148,Roana Tappor,Caen,Accounting,$314.44
149,Iggy Osbourne,Tanjung,Support,$941.62
150,Marysa Antoniottii,Condado,Support,$193.25
151,Francklin Beceril,Monteros,Sales,$697.40
152,Jermaine Aberdalgy,Cavinti,Legal,$720.94
153,Wallas Dobinson,Kulun,Research and Development,$82.85
154,Florrie Ardy,Jingchuan Chengguanzhen,Product Management,$806.34
155,Poul Keigher,Buin,Business Development,$896.66
156,Sallee Buney,Modderfontein,Training,$287.50
157,Klaus Domegan,Hyesan-dong,Training,$207.02
158,Ally Grandison,Coté-Lai,Marketing,$563.62
159,Bary Graben,Rybnoye,Accounting,$868.20
160,Sully Kirkup,Lamphun,Marketing,$601.40
161,Casper Houldin,Serravalle,Marketing,$238.67
162,Antonia Hebbs,Karítsa,Support,$344.81
163,Nettle De la Eglise,Cork,Legal,$737.51
164,Worthington Wiley,São Mamede de Infesta,Engineering,$935.71
165,Samuele Breckenridge,Oslo,Marketing,$905.09
166,Kellsie Keems,Pawitan,Support,$114.39
167,Wyatan Windrus,Shahrak,Product Management,$435.80
168,Cirstoforo Highton,Guacara,Research and Development,$246.69
169,Ethelred McFeate,Kolindrós,Support,$91.91
170,Quill Beckson,Tulungrejo,Sales,$359.15
171,Raychel Olfert,Sangojar,Services,$969.09
172,Faun Denisovich,Nouvelle France,Business Development,$757.99
173,Midge Fettes,Lopez Jaena,Human Resources,$3.83
174,Laura Larsen,Jonava,Product Management,$12.39
175,Briney Mottershaw,Fria,Marketing,$638.88
176,Hill Birmingham,Baruchowo,Business Development,$787.25
177,Christoph Zoellner,Mielec,Services,$145.13
178,Kennie Lissemore,Parakou,Training,$20.96
179,Atlante Nevet,Noormarkku,Legal,$655.12
180,Salomo Wincer,Soledade,Training,$443.03
181,Don Kimble,Mujur Satu,Legal,$559.54
182,Anton Upstone,Křenovice,Legal,$722.12
183,Sharla Mandre,Soho,Research and Development,$266.40
184,Lennard Dawidowitsch,Kupang,Product Management,$759.86
185,Ilario Kerins,Tingo María,Engineering,$238.21
186,Kitti Perkinson,Uritsk,Sales,$508.14
187,Pascal Campbell,Kaduy,Engineering,$889.22
188,Melisa Malden,Jindou,Research and Development,$515.19
189,Darryl Cordell,Qingjiang,Business Development,$339.59
190,Fiann Vitler,Sundsvall,Support,$331.54
191,Alejandrina Pauwel,San Diego,Accounting,$68.93
192,Caralie Stucksbury,Qingfeng,Sales,$775.81
193,Ofilia Stanning,Helong,Engineering,$342.46
194,Shirlee Emmitt,Lengji,Product Management,$79.29
195,Hannis Bugg,Gaotuo,Accounting,$226.74
196,Millisent Piper,Gambaru,Legal,$505.83
197,Ermin Lomath,Nakhon Si Thammarat,Human Resources,$777.79
198,Rhianna Tosney,Baita,Support,$616.11
199,Brandice Matiashvili,Pedamaran,Marketing,$317.23
200,Norah Overland,Fenshui,Services,$955.32
201,Matteo Sturdy,Nakhodka,Sales,$420.88
202,Nichols Durden,Tsurusaki,Engineering,$501.91
203,Garret Spaducci,Moravský Krumlov,Business Development,$241.25
204,Griffy Martin,Miami,Human Resources,$937.99
205,Dreddy Poles,Tubod,Services,$475.90
206,Elvin Tremblay,Buzuluk,Sales,$692.69
207,Mack Casado,Vila Chã,Business Development,$213.09
208,Pierrette Peagrim,Bác Ái,Services,$536.18
209,Sunshine Duffie,Litvínov,Services,$657.09
210,Catherine Meecher,Quinta,Accounting,$608.55
211,Abe MacTrusty,Lugovskoy,Product Management,$419.34
212,Wallace Stibbs,Cipicung,Support,$315.01
213,Halette Safont,Antsirabe,Services,$232.62
214,Laureen Marriott,Radeče,Business Development,$198.42
215,Candice Yeaman,Ccuntuma,Engineering,$620.52
216,Katya Stroder,Minji,Support,$483.44
217,Gloria Arnaudi,Fusheng,Research and Development,$453.10
218,Konstantine Lugg,Islamey,Business Development,$826.05
219,Burty Redbourn,Kolodenka,Product Management,$179.46
220,Raffaello Gillbanks,Oeleon,Sales,$204.26
221,Ferdinanda Kunzelmann,Shah Alam,Business Development,$673.92
222,Kip Marini,Puyehue,Accounting,$984.31
223,Maren Oloman,Volodymyrets’,Product Management,$640.99
224,Connie Biddiss,Bauan,Services,$12.95
225,Charles Organ,Ronglong,Sales,$313.88
226,Sibilla Wigfield,Saint-Chamond,Human Resources,$660.74
227,Bret Gerish,Ambon,Business Development,$575.51
228,Dicky Gobat,Qingshi,Accounting,$242.93
229,Iggie Kener,Chuquitira,Accounting,$631.45
230,Michaella Wigsell,Colinas,Research and Development,$997.69
231,Debora Kuhnke,Doudleby nad Orlicí,Services,$727.28
232,Conrade Depper,Christiana,Human Resources,$742.82
233,Isak Colton,Badaogu,Research and Development,$465.21
234,Arabele Klaesson,Qinggou,Training,$119.42
235,Alick Kupker,Mtsamdou,Marketing,$491.85
236,Fifine Nice,Nowy Sącz,Marketing,$997.02
237,Hall Jacobson,Lichinga,Engineering,$904.10
238,Xena Heggison,Amieira do Tejo,Human Resources,$980.82
239,Lark Durham,Ibaiti,Training,$732.63
240,Friedrick Bulled,Garanhuns,Research and Development,$104.11
241,Junina McAvin,Domašinec,Sales,$808.36
242,Katrina Philipot,Datang,Legal,$443.61
243,Erica Samme,Krajan Winong,Legal,$36.83
244,Sky Beckerleg,Smolensk,Research and Development,$226.43
245,Dieter Jouannot,Santa Fe,Marketing,$653.04
246,Fan Godin,Wolowona,Marketing,$807.28
247,Vinson Poluzzi,Az Zaytūnīyah,Sales,$588.66
248,Cherlyn Wake,Novoye Devyatkino,Accounting,$418.27
249,Jania Comelli,Padova,Legal,$700.67
250,Lazar Gaskarth,Sidamukti,Marketing,$955.83
251,Darelle Winsiowiecki,Tyachiv,Legal,$717.48
252,Reggy Pothecary,Sorol,Support,$369.64
253,Patrizius McKibbin,Ranao,Services,$1.91
254,Constantine Krysztofiak,Jiangguanchi,Business Development,$389.65
255,Mel Hedon,Klyuchi,Support,$193.28
256,Crystal Dell'Abbate,Enköping,Services,$563.01
257,Teresina Dalla,Wangbuzhuang,Engineering,$565.95
258,Bellanca Stealfox,Ust’-Labinsk,Legal,$688.76
259,Dorthea Sawers,Nova Pazova,Business Development,$472.65
260,Emogene McNulty,Ganzhou,Human Resources,$257.54
261,Agustin Koppens,Valladolid,Business Development,$732.57
262,Godard Tomaino,Thủ Thừa,Accounting,$793.70
263,Lionel Farncombe,Toyama-shi,Marketing,$203.20
264,Peggie Benoi,Acton Vale,Marketing,$408.86
265,Amil Doby,Motygino,Research and Development,$312.84
266,Aliza Scholling,Carcavelos,Services,$409.97
267,Husain Renol,Cluain Meala,Business Development,$134.79
268,Alica Andreotti,Xixi,Research and Development,$352.64
269,Garnette Mottershaw,Lagoa,Business Development,$796.34
270,Millard Galbreth,Guzhen,Services,$775.57
271,Bobette Walkinshaw,Argalastí,Accounting,$83.12
272,Oby Goncaves,Shalya,Marketing,$735.85
273,Bunni Lehrmann,Itaqui,Engineering,$257.78
274,Obadiah Silson,As Sālimīyah,Support,$909.14
275,Leigh Showell,Hakodate,Services,$709.66
276,Kalila Robson,Ljungby,Accounting,$552.12
277,Joshuah Sarath,Pang,Accounting,$471.77
278,Hildagard Keatch,Merritt,Accounting,$164.56
279,Nichols Kettlesting,Lyon,Support,$206.18
280,Randall Collison,Hongqiao,Accounting,$250.04
281,Elsbeth Gabel,Australia Square,Legal,$516.71
282,Elise Powdrell,Chanthaburi,Training,$829.19
283,Cass Rysdale,Komsomolsk,Training,$108.46
284,Ileana Strewthers,Gressier,Human Resources,$395.74
285,Geno Herrema,Koufália,Research and Development,$54.39
286,Nananne Huws,Herzliyya,Human Resources,$347.33
287,Abba Wetherill,Aţ Ţawāḩīn,Research and Development,$378.29
288,Irma Egle of Germany,Qinglong,Human Resources,$466.06
289,Schuyler Walcot,Laojiangjunjie,Research and Development,$842.37
290,Mamie Swanbourne,Marialva,Human Resources,$188.58
291,Suzanne Soreau,Tashang,Research and Development,$729.68
292,Tobi Steere,Cherskiy,Human Resources,$812.19
293,Marabel Couzens,Bosanski Novi,Legal,$119.08
294,Aguie Frenzl,Raub,Support,$87.73
295,Garnet Ateridge,Gazojak,Product Management,$76.25
296,Blakeley Bjorkan,Ketapang,Services,$736.74
297,Gaylord Loseke,Namayingo,Training,$599.52
298,Toby Cases,Qingnianlu,Business Development,$202.67
299,Filippa Ogden,Sabtang,Engineering,$271.88
300,Pembroke Clucas,Neofbaun,Training,$832.34
301,Dulci Buttrum,Mtsensk,Research and Development,$901.05
302,Bobbye Owbridge,Mozi,Accounting,$215.17
303,Claire Copperwaite,Kademangan,Accounting,$764.11
304,Lainey Maylott,Rîşcani,Training,$681.32
305,Marget Tabert,Canauay,Services,$868.32
306,Delmor Turpie,Bundibugyo,Sales,$321.50
307,Mira Sprakes,Vilcún,Human Resources,$820.08
308,Collen Vesco,Port Elizabeth,Research and Development,$41.21
309,Dreddy Gatling,Cinunjang,Marketing,$835.03
310,Shelden Leatt,Matungao,Marketing,$211.70
311,Ker Peris,Ngawen,Accounting,$189.86
312,Woodie Gulleford,Kačanik,Sales,$639.06
313,Hilda Valder,Torre,Business Development,$936.15
314,Bone Bartholin,Lazurne,Sales,$759.48
315,Arlina Jordon,Lecherías,Legal,$983.95
316,Olivia Davidovici,Hudong,Business Development,$239.49
317,Gussi Lumpkin,Salto de Pirapora,Support,$281.53
318,Hillery Jackways,Alvarães,Research and Development,$623.45
319,Cassy Kynastone,Matang,Legal,$799.74
320,Janeva Marlor,Ewirgol,Engineering,$657.02
321,Dela Matous,Formosa,Accounting,$457.43
322,Beatrisa Killbey,Balboa,Legal,$625.01
323,Jocelyne Wethey,Rokiškis,Business Development,$420.83
324,Cliff Carrabott,Limbangan,Accounting,$426.92
325,Friedrich Jeacock,Zhongmen,Sales,$533.37
326,Dougie Dicky,Beaufort,Business Development,$221.99
327,Boot Stockdale,Vesoul,Training,$648.25
328,Karen Hawker,Likiep,Services,$47.98
329,Timmy Pengilly,Hāgere Selam,Research and Development,$497.78
330,Agatha Loker,Qinghaihu,Marketing,$354.77
331,Aleece Gooder,Eyvān,Human Resources,$98.32
332,Guillaume Belf,Varginha,Support,$513.22
333,Toiboid Manifold,San Matías,Training,$147.01
334,Libby Bulloch,Nofoali‘i,Marketing,$634.78
335,Ado Skoughman,San Nicolas,Training,$426.08
336,Maxie Larkings,Victoria Falls,Accounting,$355.06
337,Brandea Maylor,Zipaquirá,Business Development,$514.55
338,Carie Gumley,Bununu Dass,Sales,$637.52
339,Phaidra Meeks,Polevskoy,Accounting,$395.28
340,Kala Warsop,Sinarbakti,Engineering,$616.45
341,Melisande Gaule,New York City,Research and Development,$964.44
342,Murielle Blackaller,Drochia,Business Development,$496.17
343,Andrey Baldam,Fak Tha,Legal,$129.92
344,Alma Cornelis,Aoqiao,Legal,$113.81
345,Kelly Marler,Yonezawa,Product Management,$976.68
346,Annissa Carress,Al Qābil,Business Development,$563.20
347,Rakel Brind,Quezon,Business Development,$666.09
348,Wally Kears,Paris La Défense,Engineering,$736.48
349,Rania Greg,Farsta,Services,$74.30
350,Sholom Paoletto,Xiaojian,Accounting,$225.22
351,Pat Grishanov,Aveiras de Cima,Services,$372.63
352,Gordy Maxworthy,Kuala Lumpur,Training,$51.00
353,Frankie Leer,Conceição das Alagoas,Support,$231.64
354,Vincent Randleson,Monte da Chaminé,Engineering,$16.82
355,Marcos Libri,Bambali,Training,$678.05
356,Marieann Pickerin,Arroio do Meio,Support,$151.21
357,Titus Jimeno,Paris La Défense,Engineering,$18.26
358,Spence Hedlestone,Laowobao,Product Management,$268.72
359,Therese Kilduff,Drahovo,Product Management,$327.15
360,Fidelia Bleier,Niška Banja,Engineering,$843.90
361,Zorana Ellingford,Bilje,Research and Development,$887.49
362,Thebault Leyton,Jayapura,Engineering,$336.63
363,Chance Goodbody,Bytkiv,Human Resources,$560.76
364,Ramonda Polack,Puerto Rico,Sales,$499.25
365,Burty Ravilious,Kuvandyk,Sales,$779.61
366,Ibrahim Echelle,Chipata,Engineering,$398.01
367,Joela Wragge,San Pedro,Human Resources,$1.95
368,Orelia De Bellis,Partille,Human Resources,$645.04
369,Chrissy Haggerty,Klagen,Engineering,$116.14
370,Dwain O'Heffernan,Cibitung,Marketing,$256.47
371,Sal Glackin,Koltushi,Legal,$895.74
372,Carmel Pozer,Dopang,Sales,$688.80
373,Annelise Braganca,Lakota,Product Management,$662.39
374,Wini Champe,Ash Shajarah,Support,$101.78
375,Rawley Tuffin,Petaling Jaya,Accounting,$536.69
376,Erika Aspenlon,Shuihu,Training,$751.29
377,Ginelle O'Glessane,Ḩabīl ar Raydah,Sales,$948.07
378,Kaylee Whild,Changfa,Product Management,$912.30
379,Isac Nano,Gali,Marketing,$116.07
380,Ben Zaniolini,Peixing,Services,$498.03
381,Nessa Cleef,Troitsk,Business Development,$539.57
382,Salomon Thickpenny,Gobernador Costa,Sales,$274.04
383,Dorine Tettley,Ripky,Sales,$839.61
384,Vernon Yielding,Daojiang,Product Management,$955.62
385,Ailey Danbi,Kebon,Sales,$30.37
386,Judas Trattles,Villanova,Marketing,$737.16
387,Sharyl Imlach,Francisco Villa,Services,$542.91
388,Ambrosi Willsmore,Sedandang,Engineering,$938.54
389,Delmore Starsmore,Samphanthawong,Support,$8.30
390,Darcee Pretswell,Surat Thani,Support,$759.60
391,Marna Ghiriardelli,Sulang Tengah,Sales,$720.24
392,Valli Pafford,Tabaga,Business Development,$818.84
393,Engelbert Ayllett,Isiro,Legal,$219.43
394,Rupert Somerfield,Blinsung,Training,$479.68
395,Fulvia Sutherns,Plaza Huincul,Legal,$904.28
396,Evania Graine,Santa Cruz das Palmeiras,Legal,$805.73
397,Cody Bradie,Heshan,Product Management,$104.81
398,Lavinie McAteer,Porto Alegre,Accounting,$876.16
399,Deny McIlhagga,Karang Daye,Services,$757.51
400,Jehanna Blague,Murfreesboro,Sales,$121.83
401,Harriet Blakeney,Minas de Oro,Training,$505.82
402,Morlee Aharoni,Vesoul,Accounting,$132.66
403,Jennine Considine,Radzanów,Support,$611.68
404,Kayley Meneer,Baitu,Human Resources,$31.47
405,Ingeberg Rollitt,Kongjiafang,Training,$325.90
406,Garek Cordelet,Suwałki,Human Resources,$589.13
407,Welsh Hought,Kayes,Business Development,$975.68
408,Kristos Farren,Gujō,Engineering,$125.85
409,Daron Domenicone,Jackson,Business Development,$596.47
410,Leoine Harce,Vacenovice,Engineering,$667.62
411,Joela Matyushenko,Danao,Human Resources,$938.25
412,Kerby Gossart,Colmar,Marketing,$60.78
413,Yelena Watmough,Abastumani,Sales,$594.19
414,Dave Enderson,Mikołów,Research and Development,$670.60
415,Vivien Saltwell,Burunday,Research and Development,$890.48
416,Ines Braidman,Huntsville,Research and Development,$982.56
417,Noelyn Mateja,Lazaro Cardenas,Support,$206.56
418,Dwain Dearman,Aduo,Legal,$563.00
419,Thatch Schall,Santo Domingo de los Colorados,Business Development,$70.23
420,Edee Carff,Dobšice,Marketing,$897.57
421,Rockie Hardy,Fundong,Training,$682.06
422,Willy Robillard,Prokhorovka,Training,$48.29
423,Piotr Hardstaff,Puma,Accounting,$599.02
424,Ketty Bowkett,El Tablón,Marketing,$653.83
425,Minette Esh,Walahir,Human Resources,$879.14
426,Cybill Hampton,Si’erbao,Training,$478.74
427,Jacklyn Trimble,South River,Product Management,$981.48
428,Stanislas McGarahan,Wangkung,Product Management,$188.42
429,Hall Lidgey,Haykashen,Research and Development,$374.42
430,Terese Dilworth,Minokamo,Human Resources,$169.54
431,Tiffani Towle,Kudus,Support,$579.60
432,Nona Salway,Little Rock,Research and Development,$594.79
433,Ammamaria Waddie,Kuttu,Marketing,$661.36
434,Harley Brandi,Lamduan,Services,$264.47
435,Carmella Paireman,La Banda,Human Resources,$677.09
436,Lebbie Bockmaster,Xinfeng,Business Development,$828.18
437,Zed Lannen,Voyinka,Engineering,$878.39
438,Hort Gerrels,Pontinha,Training,$504.99
439,Dennie Waylett,Sneek,Business Development,$433.02
440,Meta Yven,Zhenshan,Engineering,$264.82
441,Frannie Janson,Baiquan,Training,$575.05
442,Dunstan Bortolini,Hägersten,Research and Development,$86.05
443,Devy Hulance,Lianhe,Human Resources,$36.80
444,Elisabeth Enriquez,Caruaru,Training,$198.24
445,Sibelle Stokes,Kihangara,Business Development,$156.09
446,Mair Druce,Pictou,Research and Development,$394.45
447,Gizela Beaston,Bual,Human Resources,$353.10
448,Elysee Cleere,Realeza,Legal,$766.18
449,Tonnie Sumbler,Kunshan,Legal,$467.67
450,Tomi Sallinger,Montbéliard,Human Resources,$584.34
451,Auguste Arnott,General Alvear,Services,$786.21
452,Cecilla Sterndale,Nepomuceno,Accounting,$567.95
453,Mortie Jancso,Matamey,Support,$180.44
454,Minda Kingham,Sieniawa Żarska,Engineering,$79.80
455,Josie Copelli,Stari Lec,Support,$993.24
456,Hurlee Dalzell,Kilafors,Human Resources,$862.18
457,Fraser Freed,Wanjiazhuang,Business Development,$733.98
458,Sela MacKimm,Pravda,Support,$359.68
459,Clarette Chilton,Dolno Palčište,Product Management,$424.53
460,Emilia Shout,Piteå,Accounting,$660.59
461,Demeter Barratt,Tocopilla,Engineering,$537.96
462,Davine Herreros,Jarash,Marketing,$125.22
463,Nichole Cressar,Jatibonico,Support,$488.44
464,Hector Glowacki,Daytona Beach,Engineering,$942.43
465,Elayne Seares,Yeliguan,Sales,$894.22
466,Parker Barstock,Dinskaya,Sales,$108.65
467,Gaile Moorrud,Penamacor,Sales,$657.56
468,Almeria Sanbrook,Lengshuijing,Services,$571.05
469,Bordie Siebart,Svislach,Services,$732.39
470,Zeb Perse,Las Animas,Engineering,$965.93
471,Christel Kitt,Santiago de las Vegas,Support,$109.70
472,Celinda Pavett,Huangpo,Services,$860.01
473,Alyson Strafen,Chiara,Business Development,$666.55
474,Allen Loft,Laval,Product Management,$100.52
475,Denny Kingsmill,Saint-Quentin-en-Yvelines,Legal,$994.08
476,Arnie Pitrollo,Yunmen,Research and Development,$383.24
477,Mikkel Tampion,Lappajärvi,Services,$419.55
478,Aurel Kropach,Tabango,Product Management,$135.84
479,Torrence Rieger,Yuta,Accounting,$578.68
480,Ingeberg McCome,Yanqi,Marketing,$938.45
481,Derick Viveash,Cikananga,Human Resources,$497.41
482,Titos Jacquemy,Chicago,Product Management,$311.91
483,Tonia Bome,Ami,Business Development,$745.39
484,Candi Abade,Marseille,Research and Development,$880.59
485,Elisha Boldison,Benito Juarez,Accounting,$925.47
486,Dolly Scaddon,Bang Ban,Product Management,$88.80
487,Darbee Baythrop,Piteå,Product Management,$211.66
488,Donall Cumberpatch,Betania,Accounting,$222.78
489,Georgiana Gieraths,Nan’an,Support,$1.25
490,Tessy Dudny,Mê Linh,Product Management,$114.21
491,Velma Dickenson,Donggou,Engineering,$979.66
492,Jordan Akam,Naga,Human Resources,$653.25
493,Betty Camois,Makato,Sales,$609.58
494,Shari Harhoff,Ferapontovo,Legal,$986.07
495,Burnaby Pettisall,Curug,Services,$108.62
496,Jillayne Tewelson,Jenzan,Marketing,$960.08
497,Cynthia Fullerd,Limoges,Sales,$767.18
498,Vladimir Hendrik,Turbaco,Training,$181.09
499,Fredia Leathart,Banyue,Accounting,$517.35
500,Ariadne Rodda,Nazaré,Training,$986.92
501,Munmro Kinnear,Debre Zeyit,Services,$618.97
502,Findley Prestedge,Yeroẖam,Human Resources,$628.48
503,Roderigo Simononsky,Boac,Marketing,$186.25
504,Karim Darter,Pieksämäki,Sales,$807.71
505,Baily Duplan,Tây Ninh,Marketing,$525.16
506,Tiffy Cato,Bungoma,Accounting,$380.11
507,Sander Disbury,Ziębice,Training,$529.98
508,Kendall Poulter,Huayucachi,Marketing,$890.62
509,Gabbi Dovinson,Barcelona,Sales,$176.29
510,Claudetta Darnbrough,Hamberang Sabrang,Marketing,$232.76
511,Nikolos Flaune,Jintian,Research and Development,$998.02
512,Dominica Kuzemka,Sebeta,Product Management,$56.56
513,Galven Parsons,Hohoe,Research and Development,$462.93
514,Meier Nelles,Pátmos,Accounting,$876.66
515,Lorene Lindl,Ape,Human Resources,$754.64
516,Barr Dakhno,Dachnoye,Marketing,$143.87
517,Debi MacGorman,Agustín Codazzi,Sales,$695.35
518,Ancell Newcom,Nanling,Legal,$379.21
519,Myrna Stapells,Ngala,Legal,$200.88
520,Agathe Featley,Stockholm,Human Resources,$590.71
521,Courtney Selman,Bunobogu,Sales,$438.53
522,Jard Jeppe,Volochys’k,Support,$530.73
523,Hillier Ollier,Bilajari,Human Resources,$479.25
524,Loren Neal,Solidaridad,Legal,$48.95
525,Richy Lightwing,Sucha,Product Management,$808.07
526,Chloe Stearley,Osielec,Legal,$455.08
527,Monika Blaes,Niquero,Accounting,$829.62
528,Robin Sexstone,Ban Talat Bueng,Research and Development,$11.00
529,Trista Naish,Gayam,Accounting,$185.66
530,Trevar Stallard,Ahmadpur Siāl,Legal,$896.69
531,Alene Colaton,Arapongas,Marketing,$649.89
532,Christos Jaspar,Ciparay,Research and Development,$513.45
533,Robb Pardey,Bello,Business Development,$990.04
534,Nataniel Orehead,Berlin,Legal,$783.57
535,Belinda Featherstone,Kangar,Business Development,$534.63
536,Sean Scully,Ossora,Business Development,$619.98
537,Terrel Figin,Ketitang Wetan,Support,$26.32
538,Tades Ciccarello,Täby,Engineering,$542.43
539,Constanta Cheshir,Vidual,Legal,$325.04
540,Yanaton Van Daalen,Dapdap,Legal,$203.27
541,Roarke Greaser,Huaranchal,Sales,$363.58
542,Hortensia Comberbeach,Želiv,Product Management,$753.16
543,Elbertine Sunman,Saint-Tite,Business Development,$598.03
544,Curry Rainsbury,Taldan,Services,$558.82
545,Dru Duffyn,Yuanping,Accounting,$20.94
546,Thacher Garmanson,Baisha,Product Management,$650.07
547,Blisse Paten,Pulau Pinang,Services,$181.18
548,Ephraim Balaizot,Nacala,Accounting,$371.97
549,Cthrine Podmore,Dunaivtsi,Support,$900.31
550,Wren Biset,Drosiá,Marketing,$377.52
551,Faber Largan,Tacoma,Human Resources,$849.76
552,Laughton Plows,Boden,Research and Development,$875.84
553,Elka Souch,Dzhalilabad,Marketing,$522.73
554,Kane Hellyar,Milíkov,Legal,$867.28
555,Dorothea Paylor,Duma,Business Development,$869.40
556,Diena Bulloch,Kuantan,Legal,$37.16
557,Chev Robberts,Frampol,Product Management,$525.59
558,Wilow Lantiffe,Selebi-Phikwe,Support,$695.46
559,Aurora Francombe,Eisen,Legal,$236.35
560,Alisander Mariault,Zhoukou,Business Development,$410.52
561,Vasily Nutting,Mirošov,Support,$463.52
562,Jonah Dinnage,Maloyaroslavets,Accounting,$778.60
563,Ingamar Besque,Al Qūşīyah,Marketing,$711.27
564,Tedmund Schulken,Alis,Business Development,$457.74
565,Graehme Guilayn,Beidu,Business Development,$411.08
566,Hervey Skillitt,Jönköping,Product Management,$368.38
567,Wolfgang McDoual,Dengfeng,Training,$890.37
568,Kelley Duxbury,Arujá,Business Development,$580.28
569,Cinda Booley,Oslo,Product Management,$739.13
570,Maddie Lindborg,Mosteiros,Product Management,$663.60
571,Durant Delamaine,Umabay,Services,$632.01
572,Abigale Scanlan,Couto,Legal,$574.56
573,Ase Paulich,Saint-Denis,Services,$423.88
574,Anabella Sowrey,Sunjia Buzi,Support,$892.77
575,Dolores Haine,Sagara,Product Management,$865.99
576,Urban Kless,Kalibunder,Accounting,$168.05
577,Sigrid Gawthorp,Ulan Hua,Product Management,$395.90
578,Pasquale Buddle,Lajedo,Human Resources,$292.72
579,Idaline Ber,São João de Caparica,Business Development,$137.09
580,Inna Cutmare,Chodzież,Services,$292.11
581,Tamas Thibodeaux,Tashkent,Marketing,$783.42
582,Jere Hansell,Yeroẖam,Legal,$168.23
583,Constantine Speeding,Vyerkhnyadzvinsk,Training,$577.86
584,Masha Glossup,Non Sung,Support,$288.85
585,Dannie Shalloe,Heichengzi,Training,$789.82
586,Malorie Strevens,Xilanqi,Business Development,$682.06
587,Pall Parsell,Al Ḩayfah,Marketing,$456.70
588,Bambie Korlat,Anju,Legal,$243.59
589,Kathlin Balaizot,Podsineye,Sales,$917.47
590,Mirilla Wardale,Shuiyang,Business Development,$561.83
591,Raynell Tanser,Chalon-sur-Saône,Support,$732.21
592,Llywellyn Oven,Donskoy,Accounting,$317.20
593,Florencia Kasting,Tunzhai,Marketing,$574.18
594,Derward Saines,Chãos,Research and Development,$310.95
595,Rici Walklett,Bīr Nabālā,Sales,$795.88
596,Holly-anne Duchant,Athabasca,Services,$76.56
597,Milo Teliga,Uromi,Sales,$6.05
598,Forester Windrus,Fangfan,Research and Development,$1.29
599,Reinhold Hawkes,Meiyao,Support,$203.32
600,Scarlett McLleese,Bataiporã,Human Resources,$644.55
601,Jobina Mc Curlye,Cantaura,Engineering,$961.45
602,Jacquenetta Usherwood,Tignapalan,Services,$910.04
603,Andie Hellwich,Ratnapura,Support,$73.84
604,Chevalier Coase,Tatabánya,Engineering,$786.79
605,Vanessa Dosdell,Tongshanxiang,Product Management,$555.14
606,Cordelia Izhaky,Al Qadmūs,Services,$965.90
607,Durand Tuxill,Peristerá,Engineering,$152.35
608,Daron Charlton,Ráquira,Support,$761.08
609,Waldon Chilcott,Lubenec,Services,$618.64
610,Toni Lattka,Remas,Support,$606.92
611,Susette Peschka,Mijiang,Human Resources,$842.26
612,Quent Fidian,Lefkoniko,Training,$522.52
613,Alwyn Culter,New York City,Sales,$123.62
614,Doralia Arents,Lac-Brome,Support,$774.33
615,Merla Orriss,Porciúncula,Sales,$309.17
616,Nonah Brotherhood,Gjinkar,Engineering,$193.69
617,Camala Malinson,Taloy,Research and Development,$6.75
618,Hogan Lochrie,Rząśnik,Support,$866.38
619,Lanie Palethorpe,Tagum,Business Development,$279.04
620,Millisent Aldhous,Skutskär,Research and Development,$860.54
621,Dora Symcock,Sączów,Training,$213.86
622,Barnaby Keeltagh,Methven,Human Resources,$918.78
623,Shandeigh Baume,Mili,Services,$425.62
624,Vince Fante,Herval,Legal,$23.48
625,Ardelis Aireton,Willowmore,Product Management,$437.27
626,Gussi Virgin,Kosong,Marketing,$138.04
627,Kele Guite,Banes,Engineering,$400.96
628,Reed Skewis,El Paso,Business Development,$214.91
629,Robenia Cartmail,Sakchu-ŭp,Product Management,$245.50
630,Kala Lyness,Lantian,Engineering,$78.85
631,Aleece Reynoldson,Oekero,Marketing,$561.58
632,Hort Courtese,Mundolsheim,Services,$180.91
633,Brianna Riddock,Hisai,Services,$965.42
634,Marcela Jolland,Itapevi,Services,$32.07
635,Ginny Spinley,Slavs’ke,Product Management,$636.35
636,Charmane Amys,Togur,Training,$29.07
637,Leela Britner,Srebrenica,Services,$167.07
638,Randi Garbutt,Krugersdorp,Training,$998.55
639,Dalenna Petrasso,Kotsyubyns’ke,Marketing,$232.48
640,Rudie Shekle,Kashirskoye,Legal,$13.82
641,Corette Thorius,Rio Preto da Eva,Sales,$513.99
642,Morgana Galliver,Oslo,Training,$378.12
643,Ailey Glazebrook,Xindeng,Human Resources,$878.64
644,Eulalie Suett,Gambut,Training,$607.54
645,Holly-anne Coch,Tunal,Accounting,$108.43
646,Mahmud Jovic,Pantanal,Accounting,$599.75
647,Carlita Macvain,Lambangan Kulon,Training,$807.25
648,Adella Lindenbaum,Lilongwe,Training,$570.73
649,Frannie Fagence,Tegalheras,Services,$819.90
650,Norton Hudd,Tange Zhen,Training,$171.88
651,Gun Giraudou,Maoming,Engineering,$957.79
652,Steward Tweedy,Kaka,Research and Development,$996.20
653,Audry Cumberbatch,Gouxaria,Engineering,$676.69
654,Maura Dreier,Karangbungur,Training,$174.43
655,Easter Craven,Kalumpang,Accounting,$978.30
656,Alphonse Alejandri,Milanów,Training,$333.28
657,Opaline Bleacher,Varoška Rijeka,Business Development,$747.35
658,Damien Vinton,Mīr Bachah Kōṯ,Services,$627.38
659,Duky Beekman,Fantino,Support,$907.53
660,Winona Tillot,Budapest,Support,$543.27
661,Dyanne Edwins,Jiaocheng,Sales,$782.17
662,Wilton Hellard,Betim,Engineering,$557.29
663,Pincas Wotherspoon,Jingyu,Accounting,$936.70
664,Papageno Stratten,Karlskoga,Services,$70.19
665,Norrie Hasslocher,Jām Sāhib,Training,$437.04
666,Evita Eric,Sitiarjo,Marketing,$405.88
667,Colby McCaster,Tagbilaran City,Accounting,$230.72
668,Myrtice Stroud,Kankara,Human Resources,$825.47
669,Leroi Golding,Feikeng,Accounting,$523.53
670,Annalee Trippitt,Yumbel,Legal,$71.76
671,Elston Braemer,Petřvald,Sales,$230.69
672,Idalia Vasishchev,Maqian,Human Resources,$346.46
673,Correy Dineen,Barreirinhas,Support,$368.12
674,Ulrick Benyon,Broshniv-Osada,Legal,$387.71
675,Marmaduke Kinleyside,Diamantina,Human Resources,$828.69
676,Arlen Zannini,Qianjia,Human Resources,$51.37
677,Ashla Harman,Bandaran,Support,$627.28
678,Darby Picopp,Leiden,Product Management,$428.70
679,Rabi Jessop,Cabreúva,Research and Development,$122.49
680,Vivian McNerlin,Petrodvorets,Business Development,$247.97
681,Kendre Coy,Orizari,Accounting,$502.54
682,Michel Hazley,Sierpc,Accounting,$620.98
683,Chanda Milner,Korczyna,Legal,$838.15
684,Beatriz Vasiliev,Chengqiao,Accounting,$72.78
685,Fee Haburne,Tarlac City,Engineering,$65.84
686,Sinclare Dive,Cruzília,Sales,$6.78
687,Hunter Molfino,Borlänge,Research and Development,$854.35
688,Darby Farny,Yushan,Research and Development,$292.97
689,Celie Moyser,Lingtou,Human Resources,$368.07
690,Licha Divine,Heerlen,Human Resources,$587.46
691,Tiff McNirlin,Jianghua,Research and Development,$741.40
692,Gearalt Delaney,Mae Chan,Human Resources,$301.20
693,Jackie Kegan,Kertanegla,Accounting,$901.44
694,Aurore Kingman,Pilar,Accounting,$998.72
695,Archaimbaud Widdowson,Skrzyszów,Training,$859.88
696,Rachael Charlot,København,Accounting,$220.52
697,Rock Fidal,Chasŏng,Accounting,$112.50
698,Martainn Domniney,Ordynskoye,Support,$987.82
699,Alika Scutter,Qitai,Business Development,$767.80
700,Hakim Elliff,Ribeira Quente,Business Development,$706.35
701,Daryl Matiashvili,Orikhiv,Sales,$529.84
702,Che Smylie,Hongos,Services,$825.88
703,Fawnia Emmer,Nässjö,Product Management,$103.27
704,Niccolo Goulston,Ardino,Support,$51.88
705,Malinde Iacovo,Mabini,Services,$807.38
706,Ardra Seyfart,Saint-Constant,Legal,$445.18
707,Laure Pryer,Sanyang,Accounting,$884.71
708,Tisha O'Driscole,Mengenkrajan,Sales,$25.78
709,Stephenie Golds,Ahar,Support,$235.35
710,Aron Kubacki,Mora,Support,$853.08
711,Boy Shirlaw,Haiyanmiao,Legal,$521.18
712,Chris Trengrove,Morioka-shi,Human Resources,$867.46
713,Jonathan Gaitskell,Bayart Huxu,Training,$743.43
714,Christin Iacovozzo,General Guido,Legal,$167.18
715,Shannan Fursey,Marseille,Sales,$543.77
716,Collie Tunbridge,Dongchuan,Research and Development,$564.44
717,Nils Mackrell,Chabany,Legal,$906.09
718,Ula Kepe,Nielisz,Sales,$675.22
719,Odie Weymont,Oued Zem,Engineering,$518.93
720,Jarad Pim,Panglanjan,Sales,$558.85
721,Guillermo Haddrill,Hāgere Hiywet,Product Management,$821.38
722,Waverly Noar,Getengan,Marketing,$845.99
723,Leupold Machans,Kafyr-Kumukh,Marketing,$963.53
724,Lethia Kitchiner,Tawau,Support,$508.73
725,Joye Ohlsen,Yong’an,Support,$238.01
726,Garv Donohoe,Thị Trấn Mường Lát,Product Management,$334.14
727,Gherardo Plaxton,La Caleta Culebras,Engineering,$510.72
728,Lorna Lay,Shiniu,Business Development,$366.10
729,Sarena Marle,Loma Bonita,Support,$721.22
730,Keefe Linggood,Dearborn,Legal,$249.15
731,Charlot Benedek,Tahe,Engineering,$883.52
732,Dacia Hurton,Skanör,Support,$694.00
733,Oren Quilligan,Quanjiang,Training,$628.91
734,Forrest Steele,Jieshi,Product Management,$211.13
735,Egbert Furlong,Longueuil,Legal,$523.96
736,Norine Zammett,Colcabamba,Business Development,$925.00
737,Pamella Brewse,Tehrān,Research and Development,$258.25
738,Ben Plester,Tapiramutá,Product Management,$253.05
739,Francois Boylin,Buenlag,Business Development,$883.01
740,Farley Robrow,Cumanayagua,Marketing,$995.17
741,Ancell Marrill,Neglasari,Marketing,$899.59
742,Katina Grundy,Dejilin,Engineering,$829.48
743,Inez Jacquemet,Västerås,Accounting,$662.24
744,Elga Potzold,Bang Sai,Services,$875.87
745,Terrance Drieu,Okcheon,Accounting,$522.68
746,Alfy Eakeley,Marale,Human Resources,$997.11
747,Milka Murtimer,Madura,Training,$444.55
748,Elizabet Mullaney,Sumberrejo,Marketing,$256.80
749,Barron Mullally,Shazikou,Research and Development,$930.32
750,Annabelle Farrants,Mabini,Support,$166.49
751,Tamar Exall,Zhaoyuan,Product Management,$566.46
752,Jessi Crossgrove,Baoli,Marketing,$776.47
753,Barrie Andrich,Tiel,Business Development,$766.06
754,Maure Drayson,Svyatogorsk,Sales,$680.75
755,Sidnee Feares,Proletarsk,Accounting,$542.55
756,Mariel Millan,Shanjiao,Accounting,$682.07
757,Christian Colebeck,Nakama,Human Resources,$459.65
758,Elyn Jansa,Cernache do Bonjardim,Legal,$810.29
759,Wendeline Mallock,Ceres,Business Development,$719.58
760,Terrance Foulkes,Huakoulongtan,Human Resources,$386.07
761,Greer Scullard,Starokorsunskaya,Product Management,$737.40
762,Mateo Kanter,Wang Chan,Accounting,$840.23
763,Blinnie Menure,Drawsko Pomorskie,Legal,$805.38
764,Jillian Milliken,Lezhë,Marketing,$429.06
765,Evered Franiak,Birao,Research and Development,$414.26
766,Gregoor Martinyuk,Xuân Trường,Support,$320.23
767,Marni Illingsworth,Issa,Human Resources,$269.99
768,Valentine Boschmann,Nanfeng,Research and Development,$730.02
769,Ragnar Rassmann,Mabalacat,Human Resources,$363.95
770,Candis Phant,Yanghu,Services,$555.02
771,Kalil von Hagt,Aqsay,Engineering,$392.73
772,Mirilla Gossart,Kangani,Accounting,$286.96
773,Vinny Chasney,Choa Saidān Shāh,Engineering,$722.02
774,Christin Spens,Baranów,Human Resources,$393.41
775,Jasmin Puvia,K’ulashi,Marketing,$621.44
776,Thia Zaniolini,Yên Mỹ,Product Management,$468.77
777,Sydney Goodred,Orange,Services,$499.49
778,Erv Cawt,Siocon,Training,$803.94
779,Carmita Rude,Neuss,Engineering,$493.02
780,Peder Hordle,Santa Fe,Services,$188.95
781,Jessi Thombleson,Lyon,Sales,$314.33
782,Austen Hawson,Randuboto,Accounting,$63.36
783,Burtie Bezemer,Liaozhong,Business Development,$368.24
784,Cyndia Andover,Zhangxi,Training,$333.22
785,Ethyl Nathon,Buguruslan,Training,$941.01
786,Dulce Searby,Kostarea Satu,Marketing,$228.11
787,Frederica Busher,Guihulñgan,Engineering,$157.63
788,Timmi Ballin,Paris 07,Product Management,$61.39
789,Pearce Folley,Sukomulyo,Accounting,$625.58
790,Gussi McCaig,Meishan,Human Resources,$130.37
791,Teresa Pretti,Zhonghe,Training,$510.60
792,Cornelle Braiden,Nîmes,Accounting,$82.61
793,Belita Kilmurray,Sūrak,Legal,$490.00
794,Josefa Joffe,Yiliu,Support,$36.25
795,Laurella Pressman,Roza,Sales,$527.58
796,Elka Simakov,Shirokaya Rechka,Legal,$508.07
797,Sidney Petkov,Pewel Wielka,Accounting,$979.07
798,Christie Broyd,Tambaksari,Business Development,$35.71
799,Prudi Lucock,Foros da Catrapona,Business Development,$394.83
800,Katherina Dewar,Bandhagen,Product Management,$237.81
801,Jaclin Edmondson,Horní Libina,Research and Development,$802.93
802,Norby Lissandrini,Fuxing,Engineering,$371.30
803,Belinda Tattersfield,Changcun,Engineering,$152.72
804,Leontyne Daughtery,Dasha,Business Development,$86.88
805,Brigit Durbin,Taoyuan,Research and Development,$2.08
806,Any De Coursey,Baiyangwan,Support,$844.46
807,Theodora Trenaman,Conde,Support,$879.56
808,Valerye Impett,Saint Catherine,Product Management,$363.78
809,Nickolai Hegden,Zolotonosha,Accounting,$8.37
810,Patty Danes,Yongfu,Research and Development,$975.14
811,Giles Redsell,Robonkon,Sales,$841.18
812,Richard Janko,Kedrovyy,Engineering,$980.99
813,Chev Hasker,Zhuanqiang,Business Development,$571.31
814,Ardine Gerred,Kapinango,Product Management,$124.41
815,Margarethe Cooney,Kizil,Accounting,$668.29
816,Elbertine Berndtsson,Bacelo,Accounting,$543.63
817,Thatcher Clell,Gryfino,Sales,$215.52
818,Vivia Francklin,Caringin,Support,$667.26
819,Augustus Maplethorp,Hal’shany,Sales,$388.21
820,Fawnia Bruhn,Inuvik,Legal,$564.92
821,Bride Wollen,Fusagasuga,Support,$617.83
822,Fran Dobbinson,Bulakgebang,Product Management,$235.65
823,Grantham Dobbinson,Ostrów Lubelski,Legal,$803.38
824,Alejandra Dreinan,Dongfu,Support,$707.82
825,Cymbre Cosgry,Phra Yuen,Human Resources,$736.30
826,Hadleigh Stembridge,Cangshi,Business Development,$237.39
827,Yoshiko Patrie,Tandag,Engineering,$953.02
828,Benedikt Lenormand,Konso,Sales,$698.71
829,Rodd McGilvray,Zhaozhen,Sales,$812.61
830,Rennie Gillott,Pazin,Marketing,$834.30
831,Marylee Troucher,Kąty Wrocławskie,Sales,$442.06
832,Lock Bruton,Toki,Services,$220.00
833,Friedrick Heddan,Magumeri,Accounting,$858.79
834,Alexi Ramas,Makueni,Training,$755.01
835,Josefina O' Cuolahan,Meixi,Business Development,$892.30
836,Hugo Bruin,La Rochelle,Product Management,$121.06
837,Bert Crux,Beaufort,Engineering,$211.66
838,Dorothea MacMechan,Wenshao,Human Resources,$855.46
839,Saundra Yes,Osielsko,Training,$220.98
840,Krystal Dark,Pyapon,Sales,$850.87
841,Lek Scotland,Leskovec pri Krškem,Training,$637.73
842,Donetta Maddick,Taldom,Product Management,$982.54
843,Philly Jira,Ikar,Research and Development,$709.91
844,Isa Prator,Lobão,Training,$906.59
845,Trudy Paydon,Il’inskiy Pogost,Product Management,$771.81
846,Pepi Olive,Daşoguz,Support,$953.03
847,Francklin Hurn,Huajie,Sales,$401.43
848,Sara Bjorkan,Majia,Support,$365.88
849,Katleen Yablsley,Port Maria,Legal,$832.66
850,Leelah Groome,Qilin,Training,$321.19
851,Carin Mewett,Xiahan,Services,$79.11
852,Sheree Pinniger,Loma,Product Management,$179.89
853,Kathi Vaughton,Achiras,Product Management,$892.69
854,Eal Fawdrie,Banepa,Support,$928.12
855,Bryant Bushe,Shuangpu,Marketing,$602.71
856,Herculie Pinchin,Matsuyama,Legal,$283.59
857,Benton Costy,Longhuashan,Engineering,$318.53
858,Anna Kinnaird,Pakisaji,Legal,$863.33
859,Briney McGauhy,Maanas,Legal,$838.09
860,Barnard Mingard,Hongjia,Marketing,$31.81
861,Daria Bilbee,Cevicos,Marketing,$342.36
862,Allard Bentje,Xindong,Accounting,$2.24
863,Aurel Rock,Pergan,Sales,$657.10
864,Lezlie Pidler,Canelas,Training,$560.36
865,Joanne Egglestone,Fenoarivo Be,Services,$226.66
866,Esmeralda Slark,Niamtougou,Legal,$959.72
867,Base Creus,København,Human Resources,$380.01
868,Ruby Tonkin,Fedorovka,Product Management,$208.84
869,Fawnia Crevy,Zoetermeer,Marketing,$266.88
870,Crin Worling,Xinjian,Legal,$76.37
871,Bertina Farquharson,Montpellier,Product Management,$195.68
872,Dare Golden,Sofia,Legal,$750.21
873,Lynsey Tupling,Kardzhin,Research and Development,$934.96
874,Colan Dugmore,Taouloukoult,Legal,$359.38
875,Albie Fardell,Jiuxian,Sales,$789.08
876,Bartolomeo Lembrick,Loangmaka,Accounting,$581.52
877,Gardener Marciek,Xiangdong,Services,$493.97
878,Golda Aitkenhead,Fuenlabrada,Support,$864.47
879,Leann Keates,Río Hondo,Business Development,$243.14
880,Edi Dike,Windsor,Engineering,$712.38
881,Karena Ciccottio,Ndélé,Product Management,$568.00
882,Erin Brennan,Nashville,Marketing,$997.21
883,Berky Capper,Évry,Training,$87.27
884,Giffard Stainsby,Spas’ke,Human Resources,$470.76
885,Vidovic Ulrik,Las Animas,Sales,$254.78
886,Ronald Shepley,Piedade,Business Development,$131.12
887,Demetris Levane,Saint-Denis,Accounting,$131.89
888,Misty Stych,Pahārpur,Support,$683.66
889,Turner MacGillavery,Baishan,Services,$171.05
890,Cull McIlhagga,San Diego,Support,$836.41
891,Jourdan Cawte,Waepana,Marketing,$309.88
892,Zaria Waadenburg,Longnan,Human Resources,$851.27
893,Dennis Fforde,Virginia Beach,Services,$662.31
894,Reginauld Oxenham,Nowy Dwór Mazowiecki,Training,$558.43
895,Leupold Spillane,Krzykosy,Support,$615.68
896,Kristoffer Shearman,Manturovo,Engineering,$449.52
897,Barton Kinnoch,Gävle,Human Resources,$503.04
898,Boonie Treen,Qizili,Legal,$609.61
899,Gasparo Henbury,Wenshang,Research and Development,$263.73
900,Arlyne Pahler,Leonidovo,Human Resources,$95.81
901,Erin Slowan,Ocumare del Tuy,Marketing,$849.37
902,Petr Hurworth,Gangu Chengguanzhen,Marketing,$251.36
903,Jillene Stiegars,Estombar,Sales,$985.94
904,Layton Boswood,Conqueiros,Product Management,$909.27
905,Ardis Kynaston,Wenqiao,Legal,$142.58
906,Mychal Jaulmes,Peresvet,Training,$537.52
907,Rivalee Flight,Mombok,Training,$788.53
908,Emmit Growcock,Leeuwarden,Marketing,$447.55
909,Noak Corlett,Balung,Product Management,$798.09
910,Chrissie Scadden,Neyagawa,Accounting,$18.89
911,Chloris Corless,Chenjiaba,Training,$965.88
912,Faythe Horry,Pukou,Legal,$938.18
913,Heall Gudeman,Kuala Lumpur,Human Resources,$239.99
914,Wilden Peller,Bijelo Polje,Sales,$424.34
915,Kanya Ship,Bořetice,Accounting,$120.93
916,Terrell Cawt,Krasnohrad,Product Management,$526.21
917,Noemi Wolford,Xingfu,Sales,$923.65
918,Scotti Menpes,Novo Selo,Legal,$835.62
919,Terrill Hucke,Buea,Product Management,$882.14
920,Anatollo Worsley,Srubec,Sales,$476.77
921,Morgan Capponer,Veliko Tŭrnovo,Research and Development,$989.72
922,Konstanze Gierke,Kalmunai,Business Development,$800.39
923,Daloris Barefoot,Jawornik Polski,Human Resources,$335.43
924,Heinrick Garlicke,‘Afīf,Legal,$62.07
925,Pail Lanfranconi,Aş Şūrah aş Şaghīrah,Product Management,$692.88
926,Isac Feaviour,Datun,Engineering,$30.44
927,Gavan Garn,Zwolle,Marketing,$765.80
928,Gerhardine Limeburner,Olhos de Água,Engineering,$999.87
929,Godfrey Willcocks,Bordeaux,Marketing,$910.38
930,Jude Birkhead,Buenos Aires,Services,$576.51
931,Dar Giacoboni,Mujur,Sales,$694.50
932,Dallis Bispham,Ciasna,Accounting,$126.38
933,Colin Pennick,Koesan,Accounting,$122.10
934,Berta MacLardie,Punta Gorda,Legal,$87.64
935,Olive Stemp,Safi,Business Development,$301.74
936,Freda Drane,Shangsanji,Support,$280.50
937,Bernadine Vynehall,Dīvāndarreh,Engineering,$992.77
938,Hobard Campana,‘Afak,Human Resources,$347.15
939,Lilli Ossipenko,Zarasai,Human Resources,$178.68
940,Juliette Bartoloma,Otjimbingwe,Sales,$92.81
941,Randy Chester,Dongen,Training,$152.74
942,Orsola Saull,Rejoso,Marketing,$774.29
943,Brion Colquite,Indaial,Research and Development,$711.43
944,Mohandis Jewster,Horton,Business Development,$673.94
945,Dwight Thorneywork,Demir Hisar,Training,$534.80
946,Crichton Greeves,Bulu,Marketing,$869.72
947,Perla Halpeine,Jianghua,Sales,$277.66
948,Maison Tattoo,Farīdpur,Sales,$986.56
949,Bell Badder,Mişrātah,Product Management,$963.51
950,Eada Axleby,Alexandria,Business Development,$721.59
951,Angelle McMechan,كاف الجاع,Product Management,$360.28
952,Dalli Stansbie,Tāngāil,Engineering,$867.37
953,Ade Birtonshaw,Dongkeng,Research and Development,$303.31
954,Trudey Balog,Kedatuan,Engineering,$189.15
955,Lesley Macieja,Eskilstuna,Legal,$879.91
956,Torey Bloan,Taekas,Human Resources,$205.07
957,Violante Coulter,Yashikera,Engineering,$664.91
958,Judi Fargie,Gaotang,Services,$72.12
959,Eugene Pascho,Szczaniec,Engineering,$938.06
960,Tabitha Royds,Huoqiu Chengguanzhen,Engineering,$40.86
961,Russ Varnes,Velagići,Product Management,$526.65
962,Corilla Sibbson,Hernani,Human Resources,$153.24
963,Marlane Wasteney,Port-aux-Français,Sales,$569.57
964,Felipa Dewen,Entradas,Accounting,$605.14
965,Enrichetta Wordesworth,Kuala Terengganu,Legal,$133.07
966,Allyn Jennings,Nový Hrozenkov,Human Resources,$496.40
967,Earle Mashal,Bessonovka,Services,$4.12
968,Elias Prentice,Kim Sơn,Human Resources,$395.28
969,Shandy M'Quharge,Sovetsk,Sales,$110.61
970,Katharine Toxell,Ljungby,Human Resources,$240.42
971,Nonna McGerraghty,Zhangjiayuan,Human Resources,$240.17
972,Eleen Le Merchant,Muramatsu,Training,$133.82
973,Udell Deshorts,Langxi,Services,$339.07
974,Ximenes Daubney,Glamang,Human Resources,$995.58
975,Carrol Kleine,Tumen,Product Management,$700.63
976,Suzann Spurriar,Vimmerby,Marketing,$242.18
977,Violette Dillintone,Prado,Accounting,$290.70
978,Culley Dauney,Kutamandarakan,Marketing,$700.37
979,Dory Augie,Vienne,Product Management,$104.99
980,Allis Yellowlees,Stockholm,Support,$518.78
981,Genovera Hawkes,Bilje,Business Development,$890.70
982,Cal Blaker,Huangdu,Engineering,$64.07
983,Avivah Onion,Dzikowiec,Accounting,$486.04
984,Cherice McAllaster,Dārchulā,Support,$535.80
985,Berny Dufaire,Sypniewo,Accounting,$439.44
986,Bron Breen,Satuba,Engineering,$722.92
987,Everett Salamon,Lancaster,Research and Development,$452.44
988,Sumner Dudgeon,Cihaurbeuti,Accounting,$215.52
989,Junina Forestall,Oqtosh,Human Resources,$651.97
990,Gratia Tollemache,Dumalneg,Legal,$173.10
991,Pooh Baack,Ţafas,Legal,$993.35
992,Joscelin Seawell,Zuru,Marketing,$527.24
993,Abigael Needs,Novoul’yanovsk,Support,$614.22
994,Boyd Churn,Novopokrovskaya,Product Management,$287.24
995,Leonie de'-Ancy Willis,Brka,Marketing,$57.36
996,Alister Burtonshaw,Uruaçu,Engineering,$563.48
997,Elle Scotsbrook,Jirkov,Support,$123.08
998,Rahal Morby,Khelyulya,Research and Development,$848.18
999,Huberto Longhurst,La Punta,Sales,$7.88
1000,Guglielma Brunone,Zhihe,Marketing,$808.56
